brand,model,year,mileage,fuel_type,transmission,engine_size,price
Toyota,Model A,2020,136562,Hybrid,Manual,3.4,11454
Volkswagen,Model A,2017,107556,Hybrid,Manual,2.3,9915
Mercedes,Model C,2017,189122,Electric,Automatic,3.2,5206
Volkswagen,Model C,2016,95714,Diesel,Manual,3.4,11450
BMW,Model A,2018,151060,Diesel,Automatic,2.0,5268
Mercedes,Model A,2018,187708,Electric,Manual,2.9,4478
BMW,Model A,2007,199712,Petrol,Automatic,2.2,3000
BMW,Model A,2014,187592,Electric,Manual,2.4,3000
Ford,Model B,2015,136873,Diesel,Automatic,1.4,6565
Toyota,Model B,2019,88317,Electric,Manual,1.2,9840
Volkswagen,Model A,2007,62804,Hybrid,Automatic,2.5,8380
BMW,Model C,2014,166442,Diesel,Automatic,1.3,3000
Ford,Model A,2018,189590,Diesel,Manual,2.3,3000
Volkswagen,Model B,2021,28134,Petrol,Automatic,2.2,19854
Mercedes,Model A,2006,46963,Electric,Manual,1.1,9693
Mercedes,Model C,2013,177508,Petrol,Manual,2.5,3000
Audi,Model B,2017,173223,Electric,Automatic,1.2,3000
BMW,Model B,2013,119414,Petrol,Manual,1.6,6936
Audi,Model C,2019,61758,Diesel,Automatic,3.1,15906
BMW,Model C,2008,198197,Hybrid,Manual,2.5,3000
BMW,Model A,2005,26548,Petrol,Automatic,3.3,14045
Mercedes,Model C,2016,28345,Diesel,Manual,1.1,16115
Mercedes,Model B,2019,118526,Hybrid,Manual,1.2,9128
Audi,Model C,2016,157979,Electric,Automatic,1.7,5610
BMW,Model A,2021,91266,Hybrid,Manual,1.5,11805
BMW,Model A,2018,128678,Hybrid,Manual,2.0,7732
Volkswagen,Model B,2012,64753,Petrol,Automatic,2.4,11541
Volkswagen,Model A,2010,54704,Electric,Automatic,2.6,12463
Volkswagen,Model C,2013,149736,Petrol,Manual,1.9,3000
Mercedes,Model A,2009,20758,Hybrid,Manual,1.8,13578
Audi,Model C,2018,77379,Petrol,Manual,1.1,10630
Volkswagen,Model B,2011,61032,Petrol,Manual,1.7,10117
Mercedes,Model B,2017,111864,Electric,Automatic,1.6,8860
Toyota,Model B,2020,127417,Electric,Automatic,2.4,10497
BMW,Model C,2022,69768,Hybrid,Manual,1.4,13872
Volkswagen,Model B,2006,183131,Diesel,Automatic,1.8,3000
Toyota,Model C,2005,110705,Electric,Automatic,1.4,4920
Audi,Model A,2020,106642,Petrol,Automatic,2.3,11006
Volkswagen,Model C,2008,67580,Hybrid,Manual,1.2,8178
Audi,Model C,2013,18245,Hybrid,Automatic,2.7,16705
BMW,Model B,2006,124852,Petrol,Automatic,1.3,3000
BMW,Model B,2005,160180,Hybrid,Automatic,2.8,3000
Audi,Model B,2013,57575,Hybrid,Manual,3.1,14536
BMW,Model A,2008,163793,Electric,Manual,1.4,3000
BMW,Model C,2017,54862,Diesel,Automatic,3.3,16877
Mercedes,Model C,2006,105265,Hybrid,Manual,1.4,4195
Volkswagen,Model A,2021,11575,Diesel,Manual,1.3,19567
Toyota,Model C,2005,176217,Electric,Manual,3.3,3000
Mercedes,Model B,2011,67525,Electric,Automatic,1.8,12057
Volkswagen,Model C,2016,137637,Hybrid,Manual,3.3,6541
BMW,Model A,2022,104732,Petrol,Manual,1.6,11908
Volkswagen,Model B,2016,66262,Petrol,Manual,1.9,11967
Mercedes,Model B,2020,124840,Petrol,Manual,2.7,8277
Volkswagen,Model C,2013,167527,Petrol,Automatic,2.1,3000
Ford,Model A,2006,149922,Petrol,Manual,2.1,3000
Ford,Model A,2021,104636,Petrol,Automatic,1.3,10842
BMW,Model C,2008,31848,Diesel,Manual,2.3,12282
Toyota,Model A,2014,69772,Diesel,Automatic,3.5,11833
Mercedes,Model A,2007,143801,Hybrid,Manual,2.3,3000
Toyota,Model A,2017,110073,Diesel,Manual,2.4,9671
Audi,Model A,2010,155271,Diesel,Automatic,1.9,3000
Toyota,Model C,2012,123745,Electric,Automatic,2.7,9245
Volkswagen,Model B,2013,130204,Diesel,Manual,1.8,5293
Mercedes,Model B,2013,179592,Diesel,Automatic,3.2,3000
Volkswagen,Model B,2008,124417,Hybrid,Automatic,3.4,3608
Mercedes,Model B,2020,119280,Petrol,Automatic,1.6,6970
Volkswagen,Model A,2020,92011,Electric,Automatic,3.3,15452
BMW,Model B,2012,188466,Petrol,Manual,3.2,3000
Ford,Model A,2005,97781,Diesel,Manual,1.2,3624
BMW,Model A,2010,144263,Diesel,Automatic,2.6,3000
Mercedes,Model A,2014,32071,Electric,Manual,1.4,16353
Ford,Model A,2014,110977,Diesel,Manual,1.4,6594
BMW,Model C,2017,177433,Electric,Automatic,2.5,4561
Toyota,Model B,2014,126275,Diesel,Automatic,2.1,4369
Ford,Model A,2011,84901,Electric,Manual,2.6,9134
Ford,Model A,2015,64770,Diesel,Manual,2.1,11473
Toyota,Model C,2006,165303,Petrol,Automatic,1.5,3000
Ford,Model A,2017,26691,Electric,Automatic,2.8,19623
Ford,Model C,2006,88531,Petrol,Automatic,3.5,6082
BMW,Model C,2008,171531,Electric,Automatic,2.3,3000
BMW,Model A,2010,198149,Hybrid,Automatic,1.7,3000
Audi,Model C,2007,88204,Electric,Automatic,1.7,6702
Audi,Model A,2011,162545,Diesel,Manual,3.0,3000
Mercedes,Model B,2010,96616,Hybrid,Automatic,3.1,9507
Ford,Model A,2021,30148,Diesel,Automatic,1.5,17418
Mercedes,Model C,2016,70961,Petrol,Manual,1.9,13332
Ford,Model C,2016,96844,Hybrid,Automatic,3.4,11160
Toyota,Model C,2005,23109,Diesel,Manual,2.4,13025
BMW,Model A,2011,26339,Diesel,Manual,3.4,14896
Ford,Model B,2013,76815,Diesel,Manual,2.3,10498
Volkswagen,Model C,2017,90886,Hybrid,Automatic,3.1,11892
Volkswagen,Model C,2018,148917,Electric,Manual,2.5,8100
Toyota,Model A,2013,172600,Electric,Automatic,3.2,3923
BMW,Model B,2007,135227,Electric,Automatic,2.8,3625
Toyota,Model C,2008,71934,Diesel,Manual,2.7,7660
Ford,Model B,2017,135316,Diesel,Automatic,2.8,5860
BMW,Model B,2020,166304,Hybrid,Manual,3.1,6757
Ford,Model C,2021,113741,Electric,Manual,1.5,11916
Volkswagen,Model A,2012,94424,Hybrid,Automatic,1.5,7536
Ford,Model C,2009,57180,Hybrid,Automatic,2.1,10578
Volkswagen,Model B,2011,64013,Petrol,Manual,1.9,10393
Mercedes,Model B,2022,28520,Petrol,Manual,2.9,19536
Volkswagen,Model C,2007,55560,Electric,Automatic,1.4,9487
Audi,Model C,2019,11755,Hybrid,Automatic,1.1,20592
Toyota,Model C,2013,197821,Petrol,Manual,1.8,3000
Toyota,Model C,2016,72630,Hybrid,Manual,2.4,13156
BMW,Model C,2012,62824,Petrol,Manual,2.1,11820
Volkswagen,Model A,2022,43014,Diesel,Automatic,1.5,17231
BMW,Model A,2009,103633,Electric,Manual,3.3,7599
Audi,Model A,2009,118333,Petrol,Automatic,2.0,5065
Audi,Model C,2007,18378,Electric,Manual,2.1,15824
Mercedes,Model C,2011,74100,Electric,Manual,2.1,12609
Volkswagen,Model A,2009,19545,Petrol,Automatic,2.7,13353
Ford,Model A,2010,68698,Diesel,Automatic,2.7,11199
Mercedes,Model B,2019,73709,Hybrid,Automatic,3.0,14802
Audi,Model A,2014,75939,Diesel,Manual,1.9,11126
Audi,Model B,2016,182072,Electric,Automatic,2.5,3855
Mercedes,Model A,2017,130812,Diesel,Automatic,3.2,6005
Volkswagen,Model C,2009,75656,Electric,Automatic,3.4,12288
Ford,Model A,2014,161197,Diesel,Automatic,2.5,3000
Volkswagen,Model B,2011,18480,Electric,Manual,1.3,18167
BMW,Model C,2009,48398,Hybrid,Manual,2.9,13731
BMW,Model A,2017,85140,Hybrid,Manual,3.2,13132
Toyota,Model B,2010,176297,Diesel,Automatic,2.4,3000
BMW,Model C,2015,15378,Electric,Manual,2.0,17500
Volkswagen,Model A,2014,115197,Electric,Automatic,2.6,8713
BMW,Model B,2016,36445,Diesel,Automatic,3.4,17354
Toyota,Model C,2013,156101,Electric,Automatic,1.6,3999
Ford,Model C,2010,168787,Electric,Manual,2.6,3000
Volkswagen,Model B,2007,178681,Electric,Automatic,2.7,3000
BMW,Model B,2012,124604,Hybrid,Automatic,1.3,4147
Mercedes,Model B,2010,152039,Diesel,Manual,2.8,3000
Toyota,Model A,2007,142310,Hybrid,Automatic,1.7,3000
BMW,Model A,2011,54683,Hybrid,Manual,2.0,12195
BMW,Model B,2014,160364,Hybrid,Manual,1.0,3000
Ford,Model C,2012,110867,Hybrid,Automatic,1.7,6816
BMW,Model B,2022,86514,Electric,Manual,1.2,12561
Ford,Model C,2018,51433,Diesel,Automatic,2.7,15677
Mercedes,Model C,2021,95612,Diesel,Manual,1.5,11794
BMW,Model B,2010,148253,Electric,Automatic,1.7,3688
Toyota,Model B,2012,124095,Diesel,Manual,1.1,3939
Toyota,Model C,2019,35145,Hybrid,Manual,3.1,19195
Toyota,Model C,2020,39139,Petrol,Manual,2.2,20284
Ford,Model C,2022,17057,Electric,Manual,3.2,25676
Toyota,Model C,2007,21640,Diesel,Automatic,2.2,13187
Audi,Model A,2021,181314,Petrol,Automatic,3.2,4951
Ford,Model C,2022,109686,Hybrid,Manual,1.4,11814
Volkswagen,Model B,2005,87171,Petrol,Automatic,2.5,6271
BMW,Model C,2006,180226,Electric,Automatic,2.1,3000
Mercedes,Model C,2018,46436,Petrol,Manual,3.5,16066
Ford,Model B,2009,13375,Petrol,Automatic,1.7,11768
Volkswagen,Model B,2014,198829,Hybrid,Automatic,2.9,3000
Volkswagen,Model A,2015,140243,Diesel,Automatic,1.3,4701
BMW,Model B,2020,26290,Petrol,Manual,1.1,16784
Mercedes,Model C,2012,124561,Petrol,Automatic,1.0,4261
Volkswagen,Model B,2008,38138,Petrol,Automatic,2.5,8715
Audi,Model A,2008,180789,Hybrid,Automatic,2.5,3000
Audi,Model A,2006,171115,Electric,Manual,2.5,3000
Ford,Model C,2021,170498,Electric,Manual,2.9,6449
Volkswagen,Model B,2006,179911,Electric,Automatic,3.0,3000
Toyota,Model C,2017,28579,Electric,Manual,1.5,18844
Mercedes,Model A,2007,34962,Hybrid,Automatic,1.5,12190
Audi,Model B,2005,191273,Hybrid,Manual,3.0,3000
BMW,Model C,2006,161118,Hybrid,Automatic,1.9,3000
Audi,Model A,2008,108749,Petrol,Automatic,3.0,3512
BMW,Model B,2017,147349,Diesel,Automatic,3.3,5036
Audi,Model A,2014,184320,Hybrid,Manual,1.5,3000
BMW,Model B,2012,11949,Diesel,Manual,2.1,16423
Volkswagen,Model B,2012,111292,Electric,Automatic,1.9,9441
Audi,Model B,2017,17322,Diesel,Manual,2.0,16806
BMW,Model C,2007,32973,Petrol,Automatic,3.0,11407
Mercedes,Model A,2005,113818,Diesel,Automatic,3.3,3000
Toyota,Model A,2022,77211,Electric,Manual,1.2,15134
Volkswagen,Model C,2021,130033,Petrol,Automatic,2.5,8486
Ford,Model B,2022,159347,Electric,Manual,2.8,8468
Mercedes,Model A,2013,199645,Diesel,Automatic,2.9,3000
BMW,Model B,2018,93881,Diesel,Manual,2.4,11764
Ford,Model C,2010,66883,Petrol,Manual,1.3,8202
Audi,Model A,2014,106354,Electric,Automatic,3.5,9630
Ford,Model B,2019,71784,Hybrid,Manual,1.2,12634
Audi,Model A,2007,86016,Petrol,Automatic,3.4,6452
Mercedes,Model A,2007,187197,Electric,Manual,2.5,3000
Mercedes,Model A,2011,15058,Electric,Automatic,1.1,15068
Toyota,Model C,2017,129952,Diesel,Automatic,2.6,8064
Mercedes,Model C,2011,154608,Petrol,Automatic,1.9,3000
Toyota,Model B,2015,90947,Hybrid,Automatic,2.6,9993
Toyota,Model A,2010,103080,Petrol,Manual,3.3,6480
Ford,Model A,2018,115305,Hybrid,Manual,3.3,10104
BMW,Model B,2008,133453,Petrol,Automatic,3.2,3365
Ford,Model B,2009,196960,Electric,Manual,3.2,3000
Mercedes,Model B,2016,130449,Petrol,Manual,2.3,6081
Mercedes,Model C,2008,19317,Hybrid,Manual,1.5,13144
BMW,Model A,2011,151595,Petrol,Manual,2.0,3000
Audi,Model C,2018,68774,Diesel,Manual,2.5,14342
Mercedes,Model C,2009,149090,Diesel,Manual,1.5,3000
Toyota,Model B,2010,45517,Diesel,Manual,1.3,11135
Volkswagen,Model B,2007,137429,Electric,Automatic,2.6,3114
Audi,Model B,2012,126247,Hybrid,Manual,2.1,5421
Toyota,Model C,2013,188886,Hybrid,Automatic,1.7,3000
Audi,Model B,2012,149140,Diesel,Automatic,1.5,3000
Audi,Model C,2017,114733,Hybrid,Automatic,2.8,9396
Ford,Model B,2008,52559,Electric,Automatic,2.0,11426
Volkswagen,Model A,2017,52116,Electric,Manual,3.3,17624
Ford,Model C,2017,44020,Electric,Automatic,1.5,17061
BMW,Model C,2019,77879,Diesel,Automatic,3.0,12766
Toyota,Model C,2018,146820,Electric,Automatic,3.2,8416
Ford,Model B,2009,145856,Petrol,Automatic,1.8,3000
Volkswagen,Model C,2017,41929,Electric,Manual,1.1,15727
Volkswagen,Model C,2018,91176,Petrol,Automatic,3.1,10897
Ford,Model C,2021,185404,Diesel,Manual,1.9,4310
Volkswagen,Model B,2015,12030,Hybrid,Automatic,2.2,17630
Toyota,Model A,2014,34969,Electric,Manual,1.8,14454
Volkswagen,Model C,2016,104854,Diesel,Automatic,1.7,7802
Ford,Model B,2009,97089,Petrol,Automatic,1.9,5879
Toyota,Model A,2008,18944,Petrol,Automatic,2.4,14319
Mercedes,Model C,2021,95211,Hybrid,Manual,3.0,13756
Toyota,Model C,2017,116425,Hybrid,Manual,1.2,8887
Ford,Model A,2012,49137,Petrol,Manual,2.0,13338
Audi,Model B,2009,176875,Petrol,Manual,1.7,3000
Toyota,Model A,2011,167377,Petrol,Manual,2.6,3000
Toyota,Model B,2011,94058,Electric,Manual,1.6,9162
Audi,Model A,2011,45242,Electric,Manual,3.3,16025
Toyota,Model B,2011,54532,Petrol,Automatic,2.4,11333
Ford,Model A,2017,145086,Diesel,Manual,3.3,7428
Ford,Model C,2010,47134,Hybrid,Manual,3.2,12481
Ford,Model C,2011,67134,Electric,Manual,2.5,13037
Mercedes,Model C,2011,57224,Diesel,Automatic,2.2,12223
Ford,Model A,2016,34681,Electric,Manual,1.3,17228
Audi,Model C,2018,48426,Hybrid,Automatic,3.0,16824
Mercedes,Model C,2020,158914,Electric,Manual,1.5,5961
Audi,Model A,2019,162974,Petrol,Manual,1.2,3000
Toyota,Model B,2006,81322,Diesel,Automatic,1.5,4639
Mercedes,Model A,2015,60391,Diesel,Automatic,1.2,12443
BMW,Model B,2017,78307,Petrol,Automatic,2.5,11057
Mercedes,Model C,2022,197280,Diesel,Automatic,3.0,3229
BMW,Model A,2007,151948,Petrol,Manual,3.3,3000
Toyota,Model C,2008,45109,Hybrid,Automatic,2.9,11167
Volkswagen,Model C,2014,144588,Hybrid,Automatic,2.2,3524
BMW,Model A,2008,112521,Hybrid,Automatic,2.8,4700
Volkswagen,Model B,2009,197898,Electric,Automatic,1.9,3000
Ford,Model A,2011,140662,Electric,Manual,2.3,4357
Toyota,Model A,2010,27524,Hybrid,Automatic,1.2,14139
Mercedes,Model A,2018,178682,Electric,Automatic,1.2,3573
Audi,Model A,2017,182774,Hybrid,Automatic,1.8,3000
BMW,Model A,2020,82085,Petrol,Automatic,3.4,15698
Mercedes,Model A,2015,167995,Hybrid,Automatic,1.7,3061
BMW,Model B,2006,41512,Petrol,Automatic,2.2,9250
Ford,Model C,2014,174960,Petrol,Automatic,1.1,3000
Volkswagen,Model A,2011,37037,Electric,Manual,1.7,14000
Ford,Model B,2021,58986,Diesel,Automatic,1.0,13131
BMW,Model C,2020,133121,Hybrid,Automatic,2.1,8827
Volkswagen,Model C,2011,151919,Diesel,Manual,2.5,3000
Ford,Model C,2014,152507,Petrol,Automatic,3.2,3587
BMW,Model A,2015,135374,Hybrid,Automatic,2.4,6220
Volkswagen,Model B,2015,181669,Petrol,Automatic,2.8,3000
Mercedes,Model B,2008,69483,Petrol,Automatic,1.4,7842
BMW,Model B,2012,109167,Electric,Automatic,3.5,9008
Volkswagen,Model B,2016,42081,Electric,Manual,1.1,16088
Mercedes,Model C,2021,115308,Hybrid,Manual,1.8,10464
BMW,Model B,2011,133682,Diesel,Automatic,2.7,4206
Volkswagen,Model C,2005,73099,Petrol,Manual,3.3,9360
Mercedes,Model A,2009,116799,Electric,Manual,2.6,6433
Volkswagen,Model A,2011,144980,Hybrid,Manual,1.3,3000
Ford,Model C,2006,118586,Hybrid,Automatic,2.9,4198
Volkswagen,Model B,2008,25889,Electric,Automatic,3.4,16808
BMW,Model B,2013,86676,Diesel,Manual,3.5,11361
Toyota,Model C,2019,146297,Petrol,Automatic,3.1,6972
Toyota,Model C,2021,183663,Diesel,Manual,3.4,3651
Volkswagen,Model B,2020,108327,Petrol,Manual,3.4,13071
Ford,Model C,2011,119655,Hybrid,Automatic,3.0,6644
Toyota,Model C,2010,183000,Electric,Manual,2.2,3000
Volkswagen,Model B,2016,51797,Diesel,Automatic,1.1,13271
Volkswagen,Model A,2016,167206,Electric,Automatic,1.1,3116
Toyota,Model B,2011,16098,Hybrid,Automatic,1.7,16481
Audi,Model B,2021,81158,Electric,Automatic,2.5,15094
Audi,Model C,2010,59401,Electric,Automatic,3.5,13288
Toyota,Model C,2019,143739,Diesel,Manual,3.5,8808
Mercedes,Model B,2016,23288,Electric,Automatic,2.9,20009
Ford,Model A,2006,182861,Hybrid,Automatic,1.6,3000
Ford,Model A,2006,28295,Petrol,Automatic,1.4,10483
Mercedes,Model A,2022,145895,Electric,Manual,3.4,13735
Mercedes,Model B,2009,41686,Petrol,Automatic,1.1,11863
Ford,Model C,2022,15878,Diesel,Automatic,2.7,21239
Ford,Model B,2009,194056,Electric,Automatic,2.2,3000
Ford,Model B,2017,46076,Electric,Automatic,2.6,15966
Ford,Model A,2009,68977,Hybrid,Manual,1.2,7563
Audi,Model A,2018,64332,Electric,Automatic,2.6,15470
Ford,Model A,2022,112255,Petrol,Automatic,3.3,12013
Toyota,Model A,2008,173015,Diesel,Automatic,1.2,3000
Ford,Model A,2021,34263,Electric,Automatic,3.0,22305
Mercedes,Model B,2019,64253,Petrol,Automatic,2.2,15292
BMW,Model B,2018,47531,Diesel,Automatic,1.2,14427
Mercedes,Model C,2019,32069,Diesel,Manual,1.3,17295
Ford,Model C,2021,148896,Petrol,Automatic,1.4,7213
BMW,Model B,2021,153501,Electric,Manual,2.9,10388
Volkswagen,Model A,2007,15383,Petrol,Automatic,3.4,14809
BMW,Model C,2022,52861,Petrol,Automatic,1.7,16009
BMW,Model A,2019,103118,Hybrid,Manual,3.5,12102
Volkswagen,Model A,2010,179386,Diesel,Automatic,2.5,3000
Mercedes,Model A,2014,65763,Hybrid,Manual,1.0,12346
Ford,Model C,2007,190942,Petrol,Automatic,2.0,3000
Toyota,Model B,2018,157918,Petrol,Manual,2.7,4518
Audi,Model B,2021,107532,Diesel,Manual,2.4,10279
Mercedes,Model A,2007,72296,Electric,Manual,3.4,11434
Volkswagen,Model B,2007,154969,Electric,Automatic,2.9,3000
Ford,Model B,2011,168176,Diesel,Automatic,1.5,3000
Ford,Model B,2015,80697,Electric,Automatic,2.2,11748
BMW,Model A,2015,178797,Diesel,Automatic,1.3,3000
Volkswagen,Model B,2015,124591,Petrol,Manual,2.0,7318
BMW,Model B,2019,11870,Hybrid,Manual,2.4,21445
Toyota,Model B,2010,126426,Hybrid,Automatic,2.6,3451
BMW,Model C,2012,47176,Hybrid,Manual,2.1,13325
Volkswagen,Model C,2014,194303,Petrol,Manual,2.3,3000
Toyota,Model B,2007,38128,Electric,Automatic,1.8,13922
Audi,Model B,2013,176217,Electric,Manual,3.5,3000
Audi,Model B,2017,142881,Diesel,Manual,3.0,3731
Ford,Model C,2014,155799,Petrol,Manual,2.0,3652
BMW,Model A,2011,126479,Electric,Automatic,3.5,8012
Mercedes,Model A,2008,68424,Hybrid,Manual,3.4,10612
BMW,Model C,2013,159896,Diesel,Automatic,1.2,3000
BMW,Model C,2022,80681,Hybrid,Manual,3.3,17039
Ford,Model A,2021,49756,Diesel,Manual,3.2,18333
Volkswagen,Model C,2018,61580,Diesel,Manual,2.2,14599
BMW,Model B,2012,167781,Hybrid,Automatic,3.1,3897
Ford,Model A,2007,162195,Hybrid,Manual,2.3,3000
Volkswagen,Model C,2017,123756,Electric,Manual,2.5,9310
Toyota,Model A,2015,163781,Hybrid,Manual,2.6,3000
BMW,Model B,2008,95549,Hybrid,Automatic,1.6,6532
Mercedes,Model C,2014,166139,Electric,Automatic,1.6,3000
Volkswagen,Model A,2020,161386,Diesel,Automatic,2.9,4127
Toyota,Model B,2012,193813,Hybrid,Automatic,3.4,3000
BMW,Model A,2013,100728,Diesel,Automatic,3.2,8180
Audi,Model A,2015,14822,Electric,Automatic,2.4,20466
Ford,Model C,2016,139694,Petrol,Manual,1.7,3000
Toyota,Model A,2014,91599,Diesel,Manual,3.1,9109
Ford,Model A,2005,55964,Petrol,Automatic,2.1,7935
Volkswagen,Model A,2005,187714,Hybrid,Manual,3.2,3000
Volkswagen,Model B,2010,191277,Petrol,Automatic,2.2,3000
Ford,Model C,2006,82552,Petrol,Automatic,1.5,5593
Audi,Model A,2013,113937,Hybrid,Manual,1.8,6268
Audi,Model C,2020,192924,Diesel,Automatic,2.4,3000
BMW,Model A,2007,67561,Petrol,Manual,2.4,8304
Toyota,Model A,2017,51175,Hybrid,Manual,2.4,16795
Volkswagen,Model C,2011,192599,Electric,Automatic,1.3,3000
Audi,Model B,2007,37633,Hybrid,Automatic,3.3,12717
Ford,Model B,2006,148597,Diesel,Manual,1.3,3000
Toyota,Model C,2007,57470,Diesel,Automatic,3.3,9045
Audi,Model A,2016,139681,Diesel,Automatic,3.0,5436
BMW,Model C,2009,197025,Petrol,Manual,3.1,3000
Toyota,Model A,2017,68834,Electric,Manual,1.4,14369
Mercedes,Model C,2009,146770,Petrol,Automatic,1.2,3000
BMW,Model C,2011,177634,Electric,Manual,1.3,3000
Audi,Model B,2022,191789,Petrol,Manual,2.2,3188
Ford,Model A,2013,30089,Hybrid,Manual,3.3,18290
BMW,Model C,2016,163062,Hybrid,Manual,2.7,5627
Toyota,Model C,2022,11737,Hybrid,Automatic,3.3,21354
Audi,Model C,2012,182971,Petrol,Automatic,3.2,3000
Audi,Model A,2016,53528,Electric,Automatic,2.3,17014
Audi,Model B,2021,143407,Diesel,Automatic,1.4,8152
Mercedes,Model C,2022,37367,Petrol,Automatic,3.3,18151
Toyota,Model A,2010,16431,Petrol,Automatic,1.8,14661
Toyota,Model B,2020,170362,Diesel,Manual,1.0,3000
Audi,Model A,2020,30068,Diesel,Manual,1.3,17460
Toyota,Model A,2013,172761,Electric,Manual,1.4,3000
BMW,Model B,2022,24523,Petrol,Manual,2.0,18808
Ford,Model A,2005,170812,Electric,Manual,3.2,3000
Toyota,Model C,2019,142233,Hybrid,Manual,1.1,5543
Audi,Model B,2010,173681,Diesel,Manual,2.6,3000
Mercedes,Model B,2015,172352,Petrol,Manual,2.1,3000
Toyota,Model C,2010,149774,Petrol,Automatic,2.9,3000
Audi,Model C,2011,181270,Diesel,Automatic,1.1,3000
Ford,Model A,2022,127827,Hybrid,Automatic,1.3,8413
Ford,Model B,2015,171412,Hybrid,Manual,2.4,3000
BMW,Model B,2007,39885,Electric,Automatic,3.0,15078
Volkswagen,Model C,2012,147673,Diesel,Manual,2.4,3000
BMW,Model B,2013,35795,Electric,Automatic,1.8,16016
Toyota,Model C,2021,39209,Petrol,Automatic,2.0,16186
Ford,Model C,2012,186270,Petrol,Manual,3.5,3000
BMW,Model A,2020,195319,Petrol,Automatic,3.2,3000
Toyota,Model B,2020,48343,Diesel,Automatic,2.6,18323
Volkswagen,Model C,2021,154217,Petrol,Manual,1.6,5043
BMW,Model C,2008,142369,Electric,Manual,2.2,3300
Volkswagen,Model B,2020,54170,Petrol,Automatic,1.5,14882
Ford,Model A,2009,130413,Hybrid,Automatic,2.1,4139
Volkswagen,Model B,2019,53720,Hybrid,Automatic,1.4,16929
Mercedes,Model A,2018,166717,Hybrid,Automatic,1.8,3000
Mercedes,Model A,2018,161694,Petrol,Automatic,1.3,3000
Toyota,Model A,2005,19500,Petrol,Automatic,2.2,12452
BMW,Model B,2007,86293,Diesel,Automatic,3.2,8172
Audi,Model A,2022,197000,Electric,Manual,1.2,4431
Volkswagen,Model A,2013,133243,Electric,Automatic,1.6,7102
BMW,Model B,2016,88448,Petrol,Manual,1.4,9277
Toyota,Model A,2019,185871,Petrol,Manual,2.2,3000
Ford,Model A,2020,39156,Hybrid,Manual,2.2,18395
Toyota,Model B,2013,177861,Hybrid,Automatic,1.5,3000
Toyota,Model C,2021,148021,Petrol,Manual,2.0,5207
Volkswagen,Model B,2020,49230,Diesel,Automatic,1.3,16105
Mercedes,Model B,2017,101174,Petrol,Automatic,1.6,7478
Mercedes,Model C,2018,16759,Hybrid,Automatic,2.1,19871
BMW,Model C,2014,174172,Diesel,Manual,1.6,3000
Audi,Model B,2016,76093,Diesel,Manual,1.3,11099
Mercedes,Model B,2008,147691,Diesel,Automatic,1.2,3000
Volkswagen,Model A,2013,97863,Hybrid,Manual,2.8,11737
Audi,Model B,2008,58883,Petrol,Manual,2.0,9036
Ford,Model B,2009,199859,Electric,Automatic,2.1,3000
Mercedes,Model C,2022,127568,Diesel,Automatic,3.3,10996
Volkswagen,Model C,2020,180839,Hybrid,Manual,2.7,4373
BMW,Model B,2015,176284,Diesel,Manual,2.5,3000
Ford,Model C,2011,152087,Diesel,Manual,1.3,3000
Audi,Model B,2018,102323,Hybrid,Manual,1.1,9698
Audi,Model C,2018,147195,Electric,Manual,3.0,8404
Mercedes,Model C,2019,88215,Diesel,Automatic,2.9,12997
Ford,Model B,2021,54457,Electric,Manual,1.6,16974
BMW,Model C,2018,55290,Hybrid,Automatic,2.8,15790
Mercedes,Model B,2014,150010,Petrol,Automatic,2.0,3000
Ford,Model C,2013,60108,Diesel,Manual,1.6,10263
Ford,Model B,2007,94915,Hybrid,Automatic,1.9,6428
Mercedes,Model C,2019,138325,Hybrid,Manual,1.5,8462
BMW,Model C,2020,48745,Electric,Manual,1.8,19367
Mercedes,Model C,2008,48693,Electric,Manual,1.8,11743
Mercedes,Model C,2013,107487,Petrol,Automatic,1.1,5144
Audi,Model A,2011,148225,Electric,Automatic,2.4,3000
Audi,Model A,2013,162560,Hybrid,Manual,3.4,3693
Volkswagen,Model A,2006,21422,Petrol,Manual,2.5,11186
Volkswagen,Model B,2008,157202,Hybrid,Manual,3.3,3000
Mercedes,Model B,2018,129144,Petrol,Automatic,2.3,8841
BMW,Model B,2009,28829,Petrol,Automatic,3.4,15490
Ford,Model C,2017,82567,Electric,Automatic,3.1,14667
Ford,Model B,2021,91227,Hybrid,Manual,1.1,13882
Ford,Model C,2006,167249,Petrol,Automatic,1.5,3000
Audi,Model C,2019,154683,Petrol,Manual,2.7,5402
Mercedes,Model A,2009,36678,Petrol,Automatic,1.8,10646
BMW,Model C,2011,121197,Electric,Automatic,2.1,7940
Toyota,Model C,2012,75181,Petrol,Manual,3.3,10299
Ford,Model A,2020,172822,Petrol,Manual,1.3,3000
Volkswagen,Model A,2015,47048,Diesel,Manual,1.4,12855
Toyota,Model C,2013,85426,Petrol,Manual,2.1,9009
Ford,Model C,2009,115719,Hybrid,Manual,2.6,5942
Ford,Model A,2011,98606,Petrol,Automatic,2.9,7384
Volkswagen,Model C,2012,58671,Diesel,Automatic,1.3,9861
Volkswagen,Model C,2005,137766,Hybrid,Manual,3.4,3000
Mercedes,Model B,2010,41661,Hybrid,Automatic,2.0,13034
Ford,Model B,2006,122525,Petrol,Manual,3.2,3000
Audi,Model C,2006,119797,Hybrid,Automatic,3.3,4057
Mercedes,Model A,2009,128668,Petrol,Manual,2.0,3000
Ford,Model B,2021,43131,Hybrid,Automatic,2.8,18880
Volkswagen,Model C,2009,93928,Petrol,Manual,3.5,8300
Audi,Model A,2011,190003,Electric,Manual,1.0,3000
Ford,Model C,2016,177410,Electric,Manual,1.8,3288
BMW,Model A,2011,78518,Hybrid,Automatic,2.0,9239
Mercedes,Model A,2013,150612,Diesel,Manual,2.6,3000
BMW,Model A,2021,197410,Petrol,Automatic,1.8,3000
Audi,Model C,2015,128614,Petrol,Automatic,1.1,3512
Mercedes,Model B,2006,166478,Petrol,Automatic,2.4,3000
Toyota,Model A,2018,91634,Diesel,Manual,3.2,13798
Audi,Model A,2016,108360,Petrol,Automatic,2.3,8242
BMW,Model C,2019,184044,Hybrid,Manual,3.2,3883
BMW,Model B,2011,40826,Petrol,Automatic,1.4,13044
Mercedes,Model C,2018,54613,Petrol,Automatic,2.7,16142
Ford,Model A,2007,113510,Petrol,Automatic,1.5,4129
Volkswagen,Model A,2007,92691,Electric,Automatic,1.1,7683
Mercedes,Model A,2007,136928,Diesel,Automatic,1.0,3000
Mercedes,Model C,2016,85342,Petrol,Manual,3.1,11462
BMW,Model C,2017,43926,Electric,Automatic,1.4,15621
Ford,Model B,2012,194065,Diesel,Manual,2.2,3000
Toyota,Model C,2021,168099,Diesel,Manual,3.3,5704
Toyota,Model A,2008,188506,Electric,Manual,1.7,3000
Mercedes,Model C,2011,64641,Diesel,Manual,2.1,9411
Mercedes,Model B,2006,79511,Hybrid,Manual,2.9,7487
BMW,Model A,2016,128446,Hybrid,Manual,1.3,4586
Audi,Model A,2013,90001,Electric,Manual,2.3,10812
Volkswagen,Model C,2009,70881,Petrol,Manual,1.8,7961
Ford,Model C,2006,64938,Electric,Automatic,2.1,9431
Volkswagen,Model B,2020,187798,Electric,Automatic,2.7,4815
BMW,Model C,2005,97594,Electric,Manual,1.8,3428
Mercedes,Model A,2022,51437,Hybrid,Automatic,1.9,19405
Volkswagen,Model A,2007,122188,Electric,Manual,3.0,5013
Ford,Model C,2005,90930,Diesel,Manual,1.1,3453
Toyota,Model A,2017,27360,Diesel,Manual,2.2,15576
Volkswagen,Model B,2012,173642,Petrol,Automatic,1.3,3000
Toyota,Model A,2016,192097,Diesel,Automatic,2.4,3000
Audi,Model B,2016,128162,Electric,Automatic,2.3,8358
Volkswagen,Model A,2012,63407,Electric,Automatic,1.6,13450
Mercedes,Model C,2007,165174,Diesel,Automatic,1.9,3000
Volkswagen,Model C,2016,149677,Petrol,Manual,3.0,5854
Ford,Model C,2014,53969,Electric,Automatic,1.8,14127
Audi,Model C,2006,168924,Electric,Manual,1.8,3000
Ford,Model C,2014,83548,Petrol,Automatic,2.3,10136
Volkswagen,Model C,2006,118312,Electric,Automatic,1.3,3000
Toyota,Model C,2007,150564,Petrol,Automatic,2.0,3000
Volkswagen,Model A,2017,101032,Hybrid,Automatic,1.3,9964
Mercedes,Model A,2016,190229,Diesel,Manual,2.1,3000
BMW,Model C,2016,148635,Hybrid,Manual,2.4,4000
Volkswagen,Model C,2013,181339,Petrol,Automatic,1.7,3000
Ford,Model C,2018,45022,Diesel,Automatic,1.1,15523
Mercedes,Model A,2020,83875,Electric,Manual,2.4,15969
Toyota,Model C,2016,76955,Hybrid,Automatic,1.4,11689
BMW,Model A,2021,159387,Petrol,Automatic,1.0,6525
Volkswagen,Model A,2005,127685,Electric,Automatic,1.9,3000
Mercedes,Model C,2007,33109,Petrol,Manual,3.3,11864
Toyota,Model A,2008,188205,Hybrid,Automatic,3.2,3000
BMW,Model C,2017,70414,Diesel,Automatic,3.4,13484
BMW,Model A,2014,191825,Diesel,Automatic,1.6,3000
BMW,Model B,2017,150935,Hybrid,Manual,1.6,3537
Ford,Model B,2020,188837,Petrol,Manual,3.2,3171
BMW,Model C,2020,26666,Hybrid,Manual,1.2,19502
Audi,Model A,2015,90296,Hybrid,Automatic,3.4,9956
Toyota,Model C,2012,154002,Diesel,Manual,1.9,3000
Toyota,Model C,2018,187083,Electric,Automatic,3.1,3000
Volkswagen,Model C,2009,103254,Diesel,Manual,3.2,5835
BMW,Model A,2013,51799,Hybrid,Automatic,1.8,13352
BMW,Model A,2010,55699,Diesel,Automatic,1.5,9182
Audi,Model C,2008,142908,Petrol,Manual,1.8,3000
BMW,Model B,2014,112317,Hybrid,Manual,3.4,9427
Ford,Model C,2006,173462,Petrol,Manual,1.7,3000
Ford,Model A,2010,27469,Diesel,Automatic,1.8,13097
Volkswagen,Model A,2019,96514,Petrol,Manual,1.6,11208
Volkswagen,Model A,2008,133884,Hybrid,Automatic,3.4,5374
Volkswagen,Model C,2014,73934,Electric,Manual,1.0,11900
Toyota,Model A,2006,110582,Petrol,Manual,1.0,3000
Mercedes,Model A,2017,119412,Petrol,Manual,1.5,6533
Toyota,Model B,2016,179300,Diesel,Automatic,3.1,3000
Mercedes,Model A,2007,147009,Hybrid,Automatic,3.3,3000
Audi,Model A,2008,149397,Diesel,Automatic,3.5,3000
Volkswagen,Model C,2021,87285,Petrol,Automatic,2.8,14516
Mercedes,Model C,2022,152423,Diesel,Automatic,1.3,4283
Mercedes,Model A,2019,163100,Diesel,Manual,1.4,3000
Audi,Model A,2021,55771,Petrol,Manual,1.2,14038
Toyota,Model C,2014,194542,Diesel,Automatic,3.0,3000
Volkswagen,Model B,2012,42859,Diesel,Manual,2.4,14020
Ford,Model B,2007,58977,Electric,Manual,1.7,9127
Ford,Model B,2009,144833,Diesel,Automatic,1.9,3000
Mercedes,Model C,2016,100831,Hybrid,Automatic,3.5,10096
Toyota,Model C,2010,135602,Hybrid,Manual,1.5,3000
Ford,Model B,2018,67590,Electric,Manual,2.9,14588
BMW,Model B,2015,96766,Diesel,Automatic,2.4,9671
BMW,Model C,2013,169376,Diesel,Manual,2.9,3000
Volkswagen,Model A,2019,177999,Diesel,Manual,1.2,3000
Volkswagen,Model C,2018,63918,Hybrid,Manual,2.3,13391
Toyota,Model B,2012,88947,Hybrid,Automatic,1.5,9333
Volkswagen,Model C,2015,161025,Hybrid,Automatic,1.7,3000
Mercedes,Model C,2008,70451,Petrol,Automatic,2.6,9089
Toyota,Model C,2010,38282,Electric,Manual,2.2,15174
Toyota,Model C,2020,50072,Petrol,Manual,2.7,16350
Volkswagen,Model A,2016,193511,Petrol,Manual,1.8,3000
Toyota,Model C,2022,105890,Diesel,Manual,1.8,10256
Toyota,Model B,2005,122838,Petrol,Automatic,3.1,3000
Toyota,Model A,2012,87918,Electric,Automatic,1.3,8703
Mercedes,Model A,2022,175486,Diesel,Manual,2.5,3000
Volkswagen,Model A,2008,39275,Diesel,Manual,3.2,12398
Mercedes,Model A,2020,177992,Petrol,Manual,2.3,3165
Audi,Model B,2021,39280,Hybrid,Automatic,2.4,18182
Toyota,Model A,2010,180589,Hybrid,Automatic,3.3,3000
Toyota,Model A,2008,184954,Diesel,Automatic,1.5,3000
Mercedes,Model B,2016,10535,Electric,Automatic,1.6,19279
Ford,Model A,2015,53070,Diesel,Manual,1.7,14441
Audi,Model B,2019,110567,Electric,Manual,2.0,11460
Toyota,Model A,2022,134265,Diesel,Manual,2.2,8339
BMW,Model A,2020,23721,Electric,Automatic,2.0,20744
Audi,Model C,2007,178442,Hybrid,Automatic,1.9,3000
Ford,Model C,2010,28470,Electric,Manual,3.3,16489
Volkswagen,Model C,2007,112631,Diesel,Automatic,2.5,3000
Volkswagen,Model A,2014,37511,Diesel,Manual,3.0,15796
Volkswagen,Model A,2011,125759,Electric,Manual,2.3,6053
Ford,Model A,2011,168940,Petrol,Automatic,2.4,3000
Mercedes,Model B,2006,67833,Diesel,Manual,2.3,8316
Toyota,Model C,2010,167138,Electric,Automatic,2.5,3000
Audi,Model A,2021,102939,Electric,Manual,2.2,12148
Toyota,Model B,2015,29648,Petrol,Manual,1.5,13974
Ford,Model B,2018,49150,Hybrid,Automatic,3.2,16498
Volkswagen,Model B,2005,148999,Electric,Automatic,2.8,3000
Volkswagen,Model C,2017,111520,Electric,Automatic,2.0,10561
Volkswagen,Model A,2018,47377,Electric,Manual,2.9,17649
BMW,Model A,2020,29538,Electric,Manual,3.1,21881
Mercedes,Model C,2020,194629,Petrol,Automatic,2.3,3000
Volkswagen,Model C,2009,109844,Petrol,Automatic,1.5,4779
Audi,Model B,2020,163918,Electric,Automatic,2.4,6001
Mercedes,Model A,2020,198334,Petrol,Automatic,1.3,3000
BMW,Model B,2011,167267,Diesel,Automatic,3.1,3000
Mercedes,Model C,2010,39019,Diesel,Automatic,1.3,13300
Toyota,Model C,2013,137938,Diesel,Manual,2.7,4918
Toyota,Model C,2008,76036,Petrol,Manual,2.4,8821
Volkswagen,Model C,2009,129973,Petrol,Manual,1.5,3195
Toyota,Model A,2013,50367,Petrol,Automatic,2.3,11696
Ford,Model C,2014,130050,Electric,Manual,1.6,5372
Volkswagen,Model A,2015,20075,Electric,Manual,2.2,19059
Audi,Model A,2006,131118,Petrol,Automatic,2.8,3000
BMW,Model B,2005,60392,Diesel,Manual,2.5,9098
Mercedes,Model A,2017,113945,Diesel,Automatic,1.1,7807
BMW,Model A,2022,20815,Electric,Manual,2.7,23399
Volkswagen,Model C,2005,151930,Diesel,Automatic,3.2,3000
Toyota,Model C,2021,134080,Diesel,Automatic,1.4,6345
Mercedes,Model C,2010,134620,Hybrid,Automatic,3.3,5488
Ford,Model C,2017,189494,Diesel,Automatic,1.9,3000
Toyota,Model C,2017,143606,Petrol,Automatic,2.8,5505
Audi,Model A,2005,59442,Electric,Automatic,2.5,10088
BMW,Model C,2012,185755,Diesel,Manual,1.3,3000
Ford,Model B,2014,195254,Electric,Manual,3.2,3000
Ford,Model B,2021,18382,Petrol,Manual,1.6,19733
Audi,Model A,2005,32167,Hybrid,Automatic,2.5,11417
BMW,Model B,2017,182037,Petrol,Manual,1.9,3000
Toyota,Model B,2008,184212,Diesel,Manual,2.1,3000
Volkswagen,Model B,2018,180544,Petrol,Automatic,2.5,3000
Mercedes,Model C,2005,139330,Hybrid,Manual,2.5,3000
Volkswagen,Model C,2018,168021,Petrol,Manual,1.6,3000
BMW,Model C,2017,111397,Hybrid,Automatic,1.8,8192
BMW,Model A,2005,22687,Petrol,Manual,3.1,12202
Mercedes,Model B,2005,174897,Hybrid,Automatic,2.3,3000
Ford,Model C,2017,181214,Hybrid,Manual,3.3,4347
Mercedes,Model A,2016,50707,Hybrid,Manual,3.2,16266
Volkswagen,Model B,2019,40316,Hybrid,Automatic,1.1,17087
Ford,Model B,2016,168569,Diesel,Automatic,1.8,3000
Mercedes,Model C,2011,128806,Petrol,Manual,2.6,3583
Toyota,Model A,2011,126218,Hybrid,Manual,2.3,6377
BMW,Model A,2009,100657,Hybrid,Manual,2.5,8787
Toyota,Model A,2017,167136,Electric,Manual,2.9,3561
Ford,Model C,2017,197965,Petrol,Manual,1.6,3000
Mercedes,Model C,2011,66422,Electric,Manual,2.3,13131
Volkswagen,Model C,2006,26750,Hybrid,Manual,3.3,13041
BMW,Model C,2013,180017,Petrol,Manual,2.0,3000
Mercedes,Model B,2017,108344,Electric,Automatic,1.6,11517
Audi,Model C,2014,67536,Diesel,Manual,2.9,9415
Audi,Model A,2018,121884,Hybrid,Manual,1.4,7381
Ford,Model C,2018,45683,Hybrid,Automatic,1.8,15712
Toyota,Model B,2009,22623,Petrol,Automatic,2.0,11536
Audi,Model C,2009,163759,Hybrid,Automatic,1.5,3000
Volkswagen,Model A,2014,166401,Diesel,Manual,1.1,3000
Ford,Model A,2011,199417,Hybrid,Manual,2.6,3000
Volkswagen,Model C,2011,192654,Hybrid,Manual,2.5,3000
Toyota,Model A,2007,125842,Diesel,Manual,1.3,3000
Ford,Model B,2022,155296,Hybrid,Manual,2.9,9205
BMW,Model B,2016,88294,Petrol,Manual,1.3,9458
Volkswagen,Model C,2020,139861,Hybrid,Automatic,2.3,8042
BMW,Model B,2013,126660,Electric,Automatic,1.6,7181
Volkswagen,Model A,2021,22533,Hybrid,Manual,2.3,20073
BMW,Model C,2013,179290,Diesel,Manual,2.3,3000
BMW,Model C,2013,33463,Hybrid,Automatic,1.1,14489
Toyota,Model C,2020,42068,Petrol,Automatic,3.3,16213
Mercedes,Model C,2006,185982,Electric,Automatic,1.3,3000
Ford,Model C,2022,144211,Hybrid,Automatic,3.3,10017
Audi,Model B,2006,82837,Petrol,Automatic,3.1,6045
Toyota,Model C,2017,173915,Petrol,Automatic,2.1,3000
Audi,Model B,2007,25095,Diesel,Manual,3.1,13416
Toyota,Model B,2019,79687,Diesel,Automatic,2.9,13613
Audi,Model B,2009,16979,Petrol,Manual,1.8,15653
BMW,Model B,2009,112139,Diesel,Manual,1.5,3390
Volkswagen,Model B,2009,119558,Diesel,Manual,1.9,3000
Mercedes,Model C,2014,112480,Hybrid,Automatic,1.4,6419
Audi,Model B,2015,191877,Diesel,Manual,3.4,3000
BMW,Model A,2015,154925,Diesel,Manual,2.9,3000
Volkswagen,Model B,2005,93570,Diesel,Manual,2.1,4113
Volkswagen,Model A,2018,154206,Diesel,Manual,3.4,6366
Audi,Model B,2012,56690,Diesel,Automatic,1.4,9044
BMW,Model A,2012,25703,Electric,Automatic,3.2,17856
BMW,Model A,2022,156716,Diesel,Automatic,1.7,6652
BMW,Model B,2016,155865,Electric,Automatic,2.1,4464
Mercedes,Model C,2007,75301,Petrol,Automatic,3.2,6042
BMW,Model B,2010,128914,Hybrid,Manual,1.6,3236
Ford,Model B,2012,36131,Diesel,Automatic,1.5,13172
Toyota,Model C,2019,80145,Electric,Manual,1.9,14623
Toyota,Model C,2021,121635,Electric,Automatic,3.0,12424
Toyota,Model B,2013,112663,Hybrid,Automatic,2.2,7253
Toyota,Model B,2014,127742,Diesel,Manual,1.8,5141
Mercedes,Model A,2022,191190,Hybrid,Automatic,3.1,6313
Audi,Model C,2016,106246,Diesel,Automatic,2.7,9049
Ford,Model C,2020,22433,Hybrid,Automatic,2.9,20264
Volkswagen,Model B,2005,103901,Electric,Automatic,2.8,6216
Toyota,Model B,2018,141901,Diesel,Automatic,2.7,6792
Volkswagen,Model A,2011,126027,Diesel,Automatic,1.5,3000
Audi,Model C,2016,30523,Electric,Manual,1.7,16349
Volkswagen,Model C,2013,138953,Hybrid,Automatic,2.5,5691
Ford,Model B,2020,110392,Electric,Manual,1.6,10580
Toyota,Model A,2017,32303,Petrol,Automatic,1.8,15566
Audi,Model B,2008,28884,Petrol,Automatic,1.0,13120
Audi,Model A,2015,61379,Diesel,Manual,2.3,12450
Toyota,Model A,2013,70351,Hybrid,Automatic,2.1,13077
Audi,Model B,2006,124645,Diesel,Manual,2.2,3000
Mercedes,Model A,2017,28232,Petrol,Automatic,2.9,17823
Audi,Model C,2013,141010,Electric,Automatic,2.7,5585
Toyota,Model C,2018,79021,Electric,Manual,1.8,14361
BMW,Model B,2008,138293,Diesel,Automatic,1.8,3000
BMW,Model B,2019,84910,Petrol,Automatic,1.4,12434
Audi,Model B,2008,20541,Petrol,Manual,3.0,13765
BMW,Model B,2008,125710,Electric,Automatic,1.1,5043
Ford,Model B,2020,59869,Diesel,Manual,2.7,18163
Toyota,Model B,2007,13318,Diesel,Manual,2.2,12569
Toyota,Model A,2007,45219,Diesel,Manual,2.8,10986
BMW,Model C,2019,150043,Electric,Automatic,2.4,7126
Audi,Model B,2020,104797,Hybrid,Automatic,1.7,11218
Audi,Model B,2006,122496,Electric,Manual,3.3,3000
Volkswagen,Model A,2011,185073,Petrol,Manual,2.8,3000
BMW,Model B,2013,142219,Electric,Automatic,2.4,6491
Toyota,Model B,2019,85711,Petrol,Automatic,1.1,11460
Audi,Model C,2006,66648,Diesel,Automatic,2.8,6225
Mercedes,Model B,2010,35632,Diesel,Automatic,2.9,12920
BMW,Model B,2022,153244,Petrol,Automatic,1.2,6515
BMW,Model B,2011,11523,Diesel,Automatic,3.4,17068
BMW,Model B,2017,102486,Diesel,Manual,2.1,9282
Mercedes,Model A,2014,157011,Electric,Automatic,1.9,4388
BMW,Model B,2020,79001,Hybrid,Automatic,3.1,15463
Mercedes,Model B,2022,152874,Electric,Automatic,2.8,9001
Toyota,Model B,2016,151215,Electric,Automatic,3.5,5081
Volkswagen,Model A,2022,187693,Electric,Automatic,1.3,5045
Volkswagen,Model C,2020,107804,Diesel,Automatic,2.3,10263
Toyota,Model C,2017,10731,Diesel,Manual,1.5,17491
Toyota,Model A,2010,161102,Diesel,Automatic,1.0,3000
Toyota,Model B,2010,14491,Diesel,Automatic,3.2,13985
BMW,Model A,2021,167091,Petrol,Automatic,2.3,4952
Audi,Model A,2018,146432,Hybrid,Automatic,1.7,7794
Audi,Model A,2010,45036,Hybrid,Manual,1.9,11486
BMW,Model B,2018,25382,Electric,Automatic,3.3,21455
Ford,Model A,2018,48404,Hybrid,Automatic,2.0,16516
Mercedes,Model A,2017,115470,Diesel,Automatic,2.9,8521
Audi,Model C,2021,141600,Electric,Automatic,2.1,9923
Toyota,Model A,2017,115566,Hybrid,Automatic,1.4,7409
Toyota,Model C,2009,84483,Electric,Automatic,2.1,9775
Ford,Model B,2005,140749,Electric,Automatic,2.3,3000
Mercedes,Model B,2020,24141,Diesel,Automatic,3.0,19774
BMW,Model A,2018,92081,Diesel,Manual,2.7,12540
Volkswagen,Model A,2013,198343,Hybrid,Manual,2.5,3000
Ford,Model A,2019,54897,Electric,Manual,3.4,19523
Audi,Model C,2013,50598,Hybrid,Manual,2.2,14359
BMW,Model B,2021,58497,Diesel,Automatic,2.6,17308
Audi,Model A,2009,148596,Electric,Manual,3.2,4255
Toyota,Model B,2011,82968,Hybrid,Automatic,1.4,8370
Ford,Model C,2019,153794,Electric,Manual,3.4,9223
Volkswagen,Model C,2007,19054,Electric,Manual,2.8,14922
BMW,Model B,2009,23137,Hybrid,Manual,1.1,14339
Volkswagen,Model B,2010,24763,Electric,Manual,2.0,14752
Audi,Model A,2022,11730,Diesel,Automatic,2.4,19701
Toyota,Model A,2020,33994,Petrol,Manual,3.3,19608
Ford,Model C,2016,178257,Hybrid,Manual,1.4,3000
BMW,Model C,2014,38426,Petrol,Manual,2.6,13695
Ford,Model C,2006,21063,Electric,Manual,2.8,15703
BMW,Model A,2016,131023,Diesel,Automatic,2.9,8117
BMW,Model A,2017,81582,Electric,Manual,2.7,13363
Mercedes,Model B,2005,96903,Diesel,Manual,1.4,3128
Volkswagen,Model B,2020,136987,Diesel,Manual,1.5,6609
Ford,Model B,2014,36997,Hybrid,Manual,3.2,17141
Toyota,Model C,2005,68178,Diesel,Automatic,1.6,6958
Toyota,Model C,2005,178885,Petrol,Automatic,2.4,3000
Mercedes,Model C,2021,16415,Diesel,Automatic,2.2,19508
Audi,Model A,2020,133241,Diesel,Automatic,2.1,8316
BMW,Model B,2018,164008,Petrol,Automatic,1.5,3000
Ford,Model A,2014,14631,Electric,Manual,3.1,21135
Volkswagen,Model A,2008,110914,Diesel,Manual,2.7,5907
Volkswagen,Model A,2010,56226,Electric,Automatic,2.1,11757
Volkswagen,Model B,2019,32461,Petrol,Manual,1.5,17685
Toyota,Model C,2012,129897,Electric,Manual,2.0,6341
BMW,Model A,2006,34681,Diesel,Automatic,1.3,9492
Toyota,Model B,2005,26213,Diesel,Manual,2.8,11260
Toyota,Model B,2007,154577,Petrol,Automatic,3.0,3000
Toyota,Model B,2007,70397,Petrol,Manual,1.3,8184
Ford,Model A,2019,198210,Hybrid,Automatic,1.3,3000
Toyota,Model A,2007,98525,Electric,Manual,1.9,6742
Ford,Model A,2019,36689,Petrol,Manual,2.6,19515
Ford,Model A,2020,13076,Electric,Manual,1.8,21595
Ford,Model A,2011,100707,Electric,Automatic,2.9,8546
Volkswagen,Model C,2019,178065,Petrol,Automatic,3.4,4725
BMW,Model B,2022,166476,Petrol,Manual,2.9,7140
Volkswagen,Model C,2014,192059,Hybrid,Automatic,1.8,3000
Volkswagen,Model C,2006,104745,Petrol,Manual,1.7,3894
Ford,Model B,2015,82147,Diesel,Automatic,1.9,9723
Ford,Model C,2011,55076,Electric,Automatic,1.7,9494
BMW,Model B,2016,152605,Diesel,Automatic,2.4,6108
Toyota,Model C,2010,106919,Electric,Automatic,1.1,6057
Audi,Model A,2017,139052,Electric,Automatic,2.7,8888
Ford,Model A,2016,36912,Diesel,Automatic,1.1,13661
Toyota,Model A,2010,153930,Diesel,Automatic,3.1,3000
Audi,Model C,2014,115928,Electric,Automatic,1.5,8734
BMW,Model B,2009,39577,Hybrid,Automatic,1.0,10748
Ford,Model A,2015,115339,Diesel,Manual,1.3,5807
Audi,Model B,2022,32379,Hybrid,Automatic,2.7,21327
BMW,Model B,2008,54829,Hybrid,Manual,1.8,10000
BMW,Model B,2008,154603,Petrol,Automatic,1.5,3000
Audi,Model C,2017,34962,Diesel,Manual,1.5,15104
BMW,Model C,2014,50164,Petrol,Automatic,2.2,15155
BMW,Model B,2022,93057,Hybrid,Manual,2.5,15006
Mercedes,Model B,2009,15842,Petrol,Manual,2.2,15328
Audi,Model A,2022,176757,Electric,Automatic,2.2,5696
Volkswagen,Model C,2007,12115,Petrol,Manual,3.4,16438
Audi,Model C,2008,94327,Diesel,Manual,1.5,5522
Mercedes,Model B,2014,127197,Electric,Manual,2.5,9033
Volkswagen,Model A,2007,150738,Petrol,Manual,2.4,3000
Audi,Model B,2012,112047,Hybrid,Automatic,2.9,7665
Audi,Model B,2019,182940,Diesel,Manual,1.1,3000
BMW,Model B,2016,165451,Petrol,Manual,1.9,3000
Mercedes,Model B,2020,159379,Electric,Automatic,1.9,6226
Volkswagen,Model A,2017,152745,Hybrid,Automatic,1.3,6050
BMW,Model B,2015,117090,Hybrid,Automatic,1.9,9055
Volkswagen,Model C,2008,57444,Electric,Automatic,1.8,11362
Ford,Model C,2011,51301,Petrol,Manual,2.1,10720
BMW,Model A,2007,80812,Hybrid,Automatic,1.3,7395
Mercedes,Model A,2019,135452,Diesel,Manual,3.3,8284
Audi,Model A,2007,160923,Petrol,Manual,2.9,3000
Mercedes,Model C,2013,41415,Hybrid,Manual,2.8,15884
BMW,Model C,2015,182984,Diesel,Automatic,3.0,3000
Volkswagen,Model B,2015,152229,Electric,Automatic,1.2,4370
Mercedes,Model A,2015,26330,Petrol,Manual,3.1,16264
BMW,Model A,2008,183996,Hybrid,Automatic,2.4,3000
Audi,Model A,2009,89990,Hybrid,Automatic,1.7,7510
Ford,Model A,2012,128078,Electric,Manual,1.0,5854
Toyota,Model C,2008,113386,Petrol,Automatic,2.1,4611
Mercedes,Model B,2015,103040,Hybrid,Automatic,3.4,11300
Volkswagen,Model A,2007,29506,Electric,Manual,1.8,11220
Ford,Model A,2022,143353,Petrol,Automatic,2.3,9436
Ford,Model C,2007,165254,Hybrid,Automatic,1.9,3000
Audi,Model C,2005,48873,Petrol,Manual,1.3,6959
Ford,Model C,2015,21749,Hybrid,Automatic,2.9,18910
Toyota,Model C,2013,130807,Petrol,Manual,2.5,4591
Mercedes,Model C,2017,154759,Hybrid,Automatic,3.2,6760
Toyota,Model A,2020,91054,Hybrid,Manual,2.0,13211
Audi,Model A,2022,138525,Hybrid,Automatic,2.0,10618
Toyota,Model C,2011,144919,Diesel,Manual,2.7,3810
Mercedes,Model C,2020,167642,Petrol,Automatic,1.1,3000
Mercedes,Model A,2005,145524,Petrol,Manual,2.3,3000
Audi,Model C,2013,193657,Diesel,Automatic,3.2,3000
Ford,Model B,2014,150916,Electric,Automatic,2.3,5114
BMW,Model B,2019,109499,Hybrid,Automatic,1.8,11716
Volkswagen,Model C,2020,152054,Diesel,Manual,1.1,5234
Mercedes,Model C,2012,20261,Petrol,Manual,2.9,17500
BMW,Model B,2021,20090,Petrol,Automatic,2.5,17795
BMW,Model B,2009,91583,Petrol,Manual,2.0,7843
Ford,Model B,2011,95486,Hybrid,Automatic,2.9,8367
Toyota,Model A,2018,50611,Diesel,Manual,1.3,14594
Ford,Model B,2009,59144,Electric,Automatic,2.4,12009
BMW,Model B,2005,152584,Hybrid,Automatic,2.3,3000
Toyota,Model A,2009,15271,Petrol,Automatic,1.0,13354
Toyota,Model C,2011,184343,Electric,Manual,1.4,3000
Mercedes,Model C,2017,109982,Electric,Automatic,2.4,8580
Volkswagen,Model C,2015,29429,Diesel,Automatic,1.1,14164
Mercedes,Model C,2021,33806,Hybrid,Automatic,3.5,23061
Mercedes,Model A,2022,60948,Electric,Manual,2.5,17916
Audi,Model B,2011,58938,Petrol,Manual,2.6,9988
Volkswagen,Model A,2018,84378,Petrol,Automatic,2.7,11396
BMW,Model A,2014,189455,Electric,Automatic,1.8,3000
Audi,Model B,2012,101463,Petrol,Automatic,1.6,7111
Mercedes,Model C,2008,188659,Petrol,Automatic,1.2,3000
Audi,Model C,2020,41855,Electric,Manual,2.2,17676
Audi,Model A,2020,19288,Hybrid,Manual,1.9,20390
Toyota,Model B,2017,147852,Diesel,Manual,3.4,6292
Volkswagen,Model C,2009,16293,Hybrid,Manual,2.4,15979
Ford,Model B,2020,150974,Hybrid,Manual,3.5,9017
Volkswagen,Model A,2007,48090,Hybrid,Manual,3.1,12464
Mercedes,Model B,2014,97608,Electric,Manual,2.1,9883
BMW,Model B,2018,78754,Electric,Automatic,2.6,15295
Volkswagen,Model A,2011,197490,Diesel,Automatic,2.4,3000
Mercedes,Model C,2016,131975,Hybrid,Manual,2.0,6755
Volkswagen,Model A,2011,150570,Electric,Automatic,2.4,3000
Ford,Model C,2019,20121,Diesel,Automatic,1.5,18621
Toyota,Model C,2013,96206,Petrol,Automatic,1.9,7608
Audi,Model C,2019,188610,Diesel,Automatic,2.7,3614
Ford,Model B,2005,52590,Petrol,Automatic,1.8,8191
Audi,Model B,2009,150649,Electric,Manual,2.3,3000
BMW,Model A,2021,165165,Diesel,Manual,1.8,3482
Volkswagen,Model C,2017,32973,Hybrid,Automatic,1.2,14102
Mercedes,Model C,2022,16577,Hybrid,Automatic,2.2,21641
Ford,Model A,2012,94660,Diesel,Manual,2.4,6539
BMW,Model C,2019,16115,Diesel,Manual,2.0,17440
Toyota,Model C,2010,160864,Electric,Manual,2.9,3667
Mercedes,Model B,2021,132509,Petrol,Automatic,1.5,8137
BMW,Model B,2009,99082,Hybrid,Automatic,2.7,7208
Volkswagen,Model C,2022,162218,Hybrid,Automatic,2.6,8289
Ford,Model C,2008,129165,Electric,Manual,2.0,3000
BMW,Model B,2011,177034,Petrol,Automatic,3.0,3000
Mercedes,Model A,2017,10798,Petrol,Manual,2.1,20073
Volkswagen,Model C,2010,191363,Electric,Manual,1.2,3000
Toyota,Model B,2015,46135,Petrol,Manual,1.8,12264
BMW,Model C,2012,166724,Electric,Automatic,2.3,3000
Audi,Model A,2016,10230,Hybrid,Automatic,1.8,17953
Toyota,Model A,2017,151570,Hybrid,Manual,2.7,5885
Ford,Model B,2015,174884,Electric,Automatic,2.1,3000
Toyota,Model A,2018,85992,Electric,Automatic,2.0,14921
BMW,Model C,2020,108092,Diesel,Automatic,2.0,10483
Mercedes,Model C,2015,43699,Electric,Automatic,1.3,14918
Mercedes,Model B,2019,173173,Hybrid,Manual,2.6,4228
BMW,Model C,2022,195351,Hybrid,Automatic,1.9,3119
Toyota,Model A,2021,95731,Petrol,Automatic,2.3,12535
Audi,Model C,2011,101317,Diesel,Automatic,2.5,8266
Audi,Model A,2013,68962,Diesel,Manual,3.3,12072
Ford,Model C,2009,171146,Diesel,Automatic,2.1,3000
BMW,Model B,2018,69141,Petrol,Automatic,3.1,13838
Mercedes,Model B,2021,126283,Hybrid,Manual,1.8,12500
Ford,Model C,2018,138056,Hybrid,Automatic,2.1,8605
Mercedes,Model C,2007,189066,Hybrid,Automatic,1.5,3000
BMW,Model A,2009,15755,Electric,Manual,1.7,14738
Volkswagen,Model C,2014,86774,Petrol,Automatic,1.8,10043
Ford,Model A,2015,18136,Petrol,Manual,2.9,16836
Audi,Model C,2019,131636,Diesel,Automatic,3.4,8893
BMW,Model B,2020,123810,Diesel,Manual,2.8,11082
BMW,Model B,2011,109229,Hybrid,Manual,1.5,7084
Toyota,Model B,2013,21237,Diesel,Automatic,1.1,14800
Mercedes,Model B,2012,197100,Diesel,Automatic,1.1,3000
Volkswagen,Model C,2008,138561,Electric,Automatic,3.2,4581
Ford,Model B,2008,195953,Diesel,Automatic,2.5,3000
Volkswagen,Model B,2017,46986,Petrol,Manual,1.4,15784
Mercedes,Model A,2020,48157,Electric,Automatic,1.1,15880
Volkswagen,Model C,2008,171596,Electric,Automatic,1.3,3000
BMW,Model C,2022,177229,Petrol,Automatic,2.3,3546
BMW,Model C,2022,79767,Diesel,Automatic,2.2,14197
BMW,Model C,2018,104094,Electric,Automatic,1.5,11627
BMW,Model C,2010,109961,Diesel,Automatic,2.4,7380
Ford,Model C,2016,102606,Petrol,Automatic,1.5,8637
Mercedes,Model B,2008,112767,Diesel,Automatic,2.7,4543
Mercedes,Model B,2017,42303,Hybrid,Manual,2.9,16014
Mercedes,Model A,2017,103636,Diesel,Automatic,3.4,10419
Toyota,Model C,2019,40770,Petrol,Automatic,3.1,18851
Ford,Model B,2020,180567,Hybrid,Automatic,1.3,3826
Toyota,Model A,2013,27820,Hybrid,Automatic,2.3,15624
Volkswagen,Model B,2011,28257,Hybrid,Automatic,2.2,14186
BMW,Model C,2013,141030,Electric,Manual,1.8,5499
Ford,Model C,2019,127760,Electric,Automatic,1.3,8410
Ford,Model B,2019,17027,Petrol,Manual,1.2,17570
Mercedes,Model A,2014,124655,Hybrid,Automatic,1.5,5809
Volkswagen,Model A,2016,178379,Petrol,Manual,1.9,3000
Volkswagen,Model A,2005,37345,Diesel,Manual,3.1,10823
BMW,Model C,2010,51217,Hybrid,Automatic,2.0,13199
Ford,Model A,2013,44358,Petrol,Manual,1.6,11580
BMW,Model C,2006,126337,Petrol,Automatic,3.3,3000
BMW,Model B,2020,151856,Electric,Manual,1.7,7041
Toyota,Model A,2006,95622,Electric,Automatic,3.0,6528
Volkswagen,Model B,2012,17608,Electric,Automatic,3.4,19343
Toyota,Model C,2019,55309,Diesel,Automatic,3.0,15449
Audi,Model C,2008,70415,Diesel,Automatic,2.4,9174
Ford,Model B,2021,44824,Diesel,Manual,3.1,19995
Mercedes,Model C,2015,155235,Petrol,Automatic,2.3,3000
Volkswagen,Model B,2017,19461,Hybrid,Automatic,2.1,18646
Mercedes,Model B,2021,134361,Electric,Automatic,2.7,12277
Audi,Model C,2013,178091,Hybrid,Manual,2.4,3000
Ford,Model C,2012,91885,Electric,Automatic,1.5,7265
Toyota,Model A,2021,189775,Diesel,Manual,1.2,3000
Toyota,Model B,2010,160937,Diesel,Manual,1.8,3000
Toyota,Model C,2020,197800,Diesel,Manual,1.5,3000
Ford,Model B,2008,162144,Petrol,Automatic,3.0,3000
Volkswagen,Model A,2010,76546,Diesel,Manual,2.1,8109
Ford,Model C,2015,168452,Petrol,Manual,3.2,4747
Toyota,Model B,2017,193690,Electric,Manual,1.9,3000
Audi,Model A,2007,134978,Diesel,Manual,3.2,3938
Toyota,Model A,2006,82984,Diesel,Automatic,1.5,3561
Toyota,Model A,2010,108975,Diesel,Manual,3.1,6146
Volkswagen,Model B,2010,155135,Diesel,Automatic,1.8,3000
Ford,Model C,2015,83360,Petrol,Automatic,2.5,11713
Ford,Model B,2011,173906,Diesel,Manual,2.0,3000
Toyota,Model B,2005,162704,Petrol,Automatic,1.0,3000
Toyota,Model C,2013,71673,Hybrid,Automatic,3.3,13378
Toyota,Model C,2020,37487,Electric,Manual,3.1,20311
BMW,Model A,2009,101894,Hybrid,Manual,1.6,6453
Ford,Model B,2016,16026,Hybrid,Manual,1.9,18487
Mercedes,Model A,2011,62270,Electric,Automatic,1.0,11762
Volkswagen,Model A,2014,20300,Electric,Manual,1.6,17674
Ford,Model B,2020,166267,Hybrid,Automatic,1.5,4568
Volkswagen,Model B,2013,11765,Diesel,Manual,1.6,15749
Volkswagen,Model B,2021,96944,Petrol,Automatic,1.6,12122
Mercedes,Model C,2015,18655,Petrol,Automatic,2.0,15841
Toyota,Model C,2019,141138,Hybrid,Automatic,2.3,5822
Ford,Model A,2010,186075,Petrol,Manual,2.8,3000
Mercedes,Model A,2007,132195,Petrol,Automatic,2.3,3000
Volkswagen,Model B,2021,40821,Petrol,Automatic,3.1,18015
Mercedes,Model C,2014,128425,Electric,Automatic,1.8,7822
BMW,Model C,2022,198385,Hybrid,Manual,2.1,3000
BMW,Model B,2011,34003,Petrol,Automatic,3.3,15766
Audi,Model A,2006,134140,Petrol,Automatic,1.7,3000
Toyota,Model B,2014,74106,Electric,Automatic,2.5,12602
Volkswagen,Model C,2020,100053,Petrol,Automatic,2.3,11034
Audi,Model B,2014,86107,Electric,Automatic,1.0,10518
Toyota,Model B,2012,28783,Hybrid,Automatic,2.8,15645
Audi,Model B,2013,101167,Petrol,Manual,3.2,9689
Audi,Model C,2017,145881,Electric,Automatic,3.5,10145
Mercedes,Model B,2005,143467,Petrol,Automatic,1.8,3000
BMW,Model B,2008,43523,Electric,Automatic,3.0,13543
Toyota,Model B,2022,76038,Hybrid,Automatic,2.8,16892
Volkswagen,Model C,2005,118881,Hybrid,Manual,3.4,3435
Ford,Model A,2021,187322,Hybrid,Automatic,3.1,3711
BMW,Model C,2005,181012,Petrol,Manual,1.8,3000
Audi,Model A,2012,56665,Diesel,Automatic,2.2,10640
BMW,Model B,2013,188321,Electric,Manual,2.3,3000
Mercedes,Model A,2013,150654,Diesel,Manual,1.4,3000
Mercedes,Model B,2019,111180,Electric,Automatic,1.2,8129
Ford,Model A,2022,48212,Hybrid,Automatic,1.6,17889
Volkswagen,Model B,2008,82844,Hybrid,Automatic,2.4,8906
Mercedes,Model C,2022,36903,Electric,Manual,3.3,19509
Volkswagen,Model A,2016,136582,Diesel,Automatic,2.0,5431
Audi,Model C,2010,129838,Hybrid,Automatic,2.3,4431
Ford,Model B,2017,28821,Diesel,Automatic,1.7,17013
Audi,Model B,2008,141763,Petrol,Automatic,3.0,3000
Audi,Model B,2010,80301,Diesel,Manual,1.1,6071
Volkswagen,Model C,2014,41684,Petrol,Automatic,3.2,14810
Toyota,Model B,2012,150438,Petrol,Automatic,3.5,3449
Toyota,Model B,2020,143104,Petrol,Automatic,2.0,5817
Toyota,Model A,2015,135731,Electric,Manual,3.4,8907
Mercedes,Model A,2021,79935,Electric,Automatic,1.4,16853
BMW,Model B,2015,198846,Electric,Automatic,3.3,3000
BMW,Model C,2013,89506,Hybrid,Automatic,1.4,7919
Audi,Model C,2009,61926,Diesel,Manual,2.4,9846
Audi,Model B,2016,85911,Diesel,Automatic,2.8,11319
BMW,Model A,2016,35068,Diesel,Automatic,2.8,16593
Volkswagen,Model A,2009,10682,Diesel,Manual,3.2,16335
Volkswagen,Model B,2018,119941,Electric,Manual,3.5,10439
Toyota,Model C,2014,106221,Diesel,Automatic,1.1,5029
BMW,Model C,2017,35145,Diesel,Automatic,1.6,14594
